City_ID,City,Lat,Lng,Max Temp,Humidity,Cloudiness,Wind Speed,Country,Date
0,ta`u,-14.2336,-169.5144,28.51,69,0,0.72,AS,1743066114
1,hamilton,39.1834,-84.5333,3.02,75,0,0.0,US,1743066115
2,grytviken,-54.2811,-36.5092,-2.78,72,17,4.0,GS,1743066116
3,adamstown,-25.066,-130.1015,24.41,74,100,7.42,PN,1743066117
4,atherton,53.5237,-2.4935,10.88,80,86,0.89,GB,1743066118
5,sungai raya,0.7,108.9,28.39,69,100,3.43,ID,1743066119
6,swakopmund,-22.6833,14.5333,18.15,82,3,3.35,,1743066121
7,utrik,11.2278,169.8474,26.76,77,100,5.52,MH,1743066122
8,praia,14.9215,-23.5087,20.05,77,40,7.72,CV,1743066123
9,port-aux-francais,-49.35,70.2167,7.7,97,100,13.02,TF,1743066124
10,blackmans bay,-43.0167,147.3167,13.87,79,3,1.94,AU,1743066127
11,new norfolk,-42.7826,147.0587,14.32,80,1,1.36,AU,1743066128
12,weno,7.4515,151.8468,28.17,75,93,8.53,FM,1743066129
13,wamba,8.9333,8.6,30.63,52,100,2.4,NG,1743066130
14,viedma,-40.8135,-62.9967,15.01,87,75,6.74,AR,1743066004
15,edinburgh of the seven seas,-37.0676,-12.3116,16.53,78,47,9.65,SH,1743066132
16,fort bragg,35.139,-79.006,3.58,66,0,0.0,US,1743066134
17,lompoc,34.6391,-120.4579,9.87,94,20,1.54,US,1743066135
18,qamdo,31.1667,97.2333,10.5,23,38,6.2,CN,1743066136
19,klyuchi,52.2667,79.1667,3.7,40,12,1.34,RU,1743066137
20,ushuaia,-54.8,-68.3,6.81,76,0,4.12,AR,1743065999
21,longyearbyen,78.2186,15.6401,-7.09,86,75,1.54,SJ,1743066139
22,atafu village,-8.5421,-172.5159,28.49,77,41,4.23,TK,1743066141
23,invercargill,-46.4,168.35,10.68,87,24,0.45,NZ,1743066143
24,port lincoln,-34.7333,135.8667,20.67,75,0,5.57,AU,1743066144
25,georgetown,5.4112,100.3354,32.11,69,20,1.54,MY,1743066137
26,waitangi,-43.9535,-176.5597,14.34,91,3,1.34,NZ,1743066147
27,medina,24.4686,39.6142,31.55,12,0,2.52,SA,1743066148
28,ilulissat,69.2167,-51.1,-7.99,86,75,2.57,GL,1743066149
29,jamestown,42.097,-79.2353,-4.28,97,0,1.54,US,1743066150
30,arraial do cabo,-22.9661,-42.0278,24.39,86,35,2.28,BR,1743066153
31,zimmerman,45.4433,-93.59,4.14,82,100,0.0,US,1743066154
32,port alfred,-33.5906,26.891,22.32,80,77,1.34,ZA,1743066155
33,ancud,-41.8697,-73.8203,12.38,92,92,1.12,CL,1743066156
34,sandnessjoen,66.0217,12.6316,6.36,85,75,8.75,NO,1743066157
35,shanwei,22.782,115.3475,25.12,81,43,4.96,CN,1743066158
36,ventspils,57.3894,21.5606,5.96,83,75,3.6,LV,1743066160
37,puerto baquerizo moreno,-0.9,-89.6,25.77,82,100,9.23,EC,1743066161
38,yellowknife,62.456,-114.3525,-27.38,100,50,2.24,CA,1743066037
39,isafjordur,66.0755,-23.124,-3.47,80,100,12.86,IS,1743066163
40,lihue,21.9789,-159.3672,20.28,79,13,1.89,US,1743066165
41,tukrah,32.5341,20.5791,18.3,79,100,6.47,LY,1743066167
42,chartres,48.4167,1.5,8.49,77,7,3.13,FR,1743066168
43,timaru,-44.4,171.25,12.19,88,100,1.53,NZ,1743066169
44,miyaly,48.8844,53.7836,9.32,35,70,4.72,KZ,1743066170
45,holualoa,19.6228,-155.9522,21.02,76,0,2.57,US,1743066171
46,gisborne,-38.6533,178.0042,16.78,86,16,3.74,NZ,1743066172
47,enewetak,11.3474,162.3373,26.95,74,19,6.31,MH,1743066174
48,vilyuchinsk,52.9306,158.4028,0.16,99,100,3.35,RU,1743066175
49,bredasdorp,-34.5322,20.0403,22.11,56,22,7.26,ZA,1743066176
50,hermanus,-34.4187,19.2345,23.22,58,3,7.61,ZA,1743066177
51,kiunga,-6.1219,141.2906,24.96,90,100,1.23,PG,1743066178
52,piti village,13.4626,144.6933,26.99,72,0,4.63,GU,1743066179
53,guerrero negro,27.9769,-114.0611,15.03,77,31,7.63,MX,1743066181
54,la passe,45.5549,-0.8967,10.75,76,1,4.76,FR,1743066182
55,mejit,10.2753,170.8646,26.96,78,100,5.49,MH,1743066183
56,smithers,54.7804,-127.1743,2.8,99,100,0.97,CA,1743066184
57,muisne,0.6,-80.0333,24.64,91,99,2.74,EC,1743066185
58,kirakira,-10.4544,161.9205,27.72,82,100,3.71,SB,1743066186
59,albany,42.6001,-73.9662,-3.41,76,5,4.47,US,1743066188
60,aasiaat,68.7098,-52.8699,-11.66,95,100,1.82,GL,1743066189
61,qaqortoq,60.7167,-46.0333,-7.62,95,100,1.63,GL,1743066190
62,changping,40.2186,116.2197,10.9,17,100,3.78,CN,1743066191
63,west island,-12.1568,96.8225,28.99,79,75,5.14,CC,1743066192
64,tiksi,71.6872,128.8694,-23.64,100,99,2.07,RU,1743066193
65,iqaluit,63.7506,-68.5145,-17.77,93,99,3.63,CA,1743066195
66,avarua,-21.2078,-159.775,27.03,89,40,3.09,CK,1743066196
67,papatowai,-46.5619,169.4708,9.82,93,44,3.06,NZ,1743066197
68,mahibadhoo,3.7833,72.9667,28.68,73,87,4.28,MV,1743066198
69,birao,10.2849,22.7882,37.86,8,76,2.03,CF,1743066199
70,wailua homesteads,22.0669,-159.378,20.44,83,20,2.57,US,1743066200
71,safotu,-13.4513,-172.4018,28.47,80,42,4.1,WS,1743066202
72,ola,59.5833,151.2833,-7.76,92,93,2.71,RU,1743066203
73,tura,25.5198,90.2201,35.25,17,0,2.91,IN,1743066204
74,mareeba,-17.0,145.4333,23.69,97,100,1.87,AU,1743066005
75,college,64.8569,-147.8028,-4.82,59,75,0.0,US,1743066198
76,saint-francois,46.4154,3.9054,9.3,77,20,4.12,FR,1743066207
77,anadyr,64.75,177.4833,-15.72,84,0,1.0,RU,1743066208
78,hawaiian paradise park,19.5933,-154.9731,21.73,88,100,1.54,US,1743066210
79,fortuna,40.5982,-124.1573,10.47,86,100,5.14,US,1743066211
80,levin,-40.6333,175.275,15.85,94,97,1.36,NZ,1743066212
81,whangarei,-35.7317,174.3239,14.3,97,97,1.42,NZ,1743066213
82,tolanaro,-25.0319,46.9987,30.02,63,0,5.75,MG,1743066214
83,afaahiti,-17.75,-149.2833,24.93,77,52,3.22,PF,1743066215
84,san patricio,28.017,-97.5169,19.42,94,100,4.24,US,1743066217
85,kapuskasing,49.4169,-82.4331,-2.39,94,100,4.63,CA,1743066218
86,flying fish cove,-10.4217,105.6791,28.38,79,40,3.6,CX,1743066219
87,badger,64.8,-147.5333,-4.86,64,100,0.0,US,1743066220
88,thunder bay,48.4001,-89.3168,1.68,71,20,4.12,CA,1743066221
89,saipan,15.1355,145.701,27.1,78,20,5.66,MP,1743066222
90,vernon,50.2581,-119.2691,8.41,94,100,0.45,CA,1743066002
91,puerto armuelles,8.2833,-82.8667,24.43,84,92,1.34,PA,1743066225
92,cartersville,34.1651,-84.7999,10.31,46,20,0.0,US,1743066226
93,kargasok,59.0556,80.8572,2.05,98,87,3.97,RU,1743066227
94,margate,51.3813,1.3862,9.54,85,37,2.11,GB,1743066228
95,kidal,18.4411,1.4078,30.09,8,43,6.05,ML,1743066229
96,constantia,44.1833,28.65,13.56,87,100,3.42,RO,1743066231
97,puerto ayora,-0.7393,-90.3518,23.08,100,100,7.14,EC,1743066232
98,iquique,-20.2208,-70.1431,21.1,78,97,0.57,CL,1743066233
99,fuerte olimpo,-21.0415,-57.8738,24.61,81,19,1.94,PY,1743066234
100,puerto natales,-51.7236,-72.4875,9.55,77,100,3.36,CL,1743066235
101,patterson,37.4716,-121.1297,11.63,81,100,0.7,US,1743066236
102,micheweni,-4.9667,39.8333,28.84,73,46,1.13,TZ,1743066237
103,ha'il,27.5219,41.6907,24.28,15,0,2.66,SA,1743066239
104,fort mcmurray,56.7268,-111.381,-6.27,63,100,3.09,CA,1743066240
105,xining,36.6167,101.7667,-1.28,44,16,6.96,CN,1743066012
106,port blair,11.6667,92.75,30.79,48,40,2.57,IN,1743066242
107,salisbury,51.0693,-1.7957,9.31,95,75,2.57,GB,1743066243
108,gagarin,55.5529,34.9954,5.18,96,100,2.71,RU,1743066244
109,hithadhoo,-0.6,73.0833,28.32,75,99,4.21,MV,1743066246
110,chibougamau,49.9168,-74.3659,-12.53,98,41,1.4,CA,1743066247
111,coyhaique,-45.5752,-72.0662,10.92,96,100,2.99,CL,1743066248
112,meiktila,20.8667,95.8667,37.21,15,10,4.27,MM,1743066249
113,olonkinbyen,70.9221,-8.7187,-7.51,74,100,9.02,SJ,1743066250
114,wisconsin rapids,44.3836,-89.8174,2.47,80,0,1.54,US,1743066253
115,abatskoye,56.2875,70.4555,2.96,97,100,3.77,RU,1743066254
116,kharp,66.8014,65.8081,1.21,100,97,3.71,RU,1743066255
117,nar'yan-mar,67.6713,53.087,-3.32,85,78,6.39,RU,1743066256
118,hood river,45.7054,-121.5215,10.2,79,100,4.92,US,1743066257
119,magadan,59.5667,150.8,-8.41,93,81,2.66,RU,1743066258
120,carnarvon,-24.8667,113.6333,32.97,43,67,6.42,AU,1743066260
121,mana,5.6592,-53.7767,24.25,88,97,5.99,GF,1743066261
122,richards bay,-28.783,32.0377,22.09,86,98,3.24,ZA,1743066262
123,guankou,28.15,113.6333,21.45,48,30,7.22,CN,1743066263
124,port elizabeth,-33.918,25.5701,23.39,83,100,1.79,ZA,1743066015
125,balcesti,44.6167,23.95,13.47,85,100,7.69,RO,1743066265
126,ceerigaabo,10.6162,47.368,23.72,34,7,2.19,SO,1743066267
127,boguchany,58.3814,97.4531,-3.48,69,100,3.78,RU,1743066268
128,nova sintra,14.8667,-24.7167,20.63,77,2,12.44,CV,1743066269
129,yuzhno-kurilsk,44.0306,145.8556,-1.1,94,100,3.69,RU,1743066270
130,benjamin constant,-4.3831,-70.0311,22.68,100,100,0.39,BR,1743066271
131,bandarbeyla,9.4942,50.8122,28.43,61,1,7.59,SO,1743066272
132,seosan,36.7817,126.4522,15.06,49,100,8.63,KR,1743066246
133,bilibino,68.0546,166.4372,-18.89,97,83,1.76,RU,1743066275
134,east london,-33.0153,27.9116,22.65,63,6,3.14,ZA,1743066276
135,yukhnov,54.7444,35.2297,4.87,93,100,2.69,RU,1743066277
136,berezovyy,51.6667,135.7,-6.1,94,100,1.47,RU,1743066278
137,kill devil hills,36.0307,-75.676,4.69,71,0,0.0,US,1743066279
138,ironwood,46.4547,-90.171,1.0,85,0,2.06,US,1743066281
139,punta arenas,-53.15,-70.9167,7.06,87,0,3.09,CL,1743066282
140,udachny,66.4167,112.4,-13.9,79,98,3.08,RU,1743066283
141,staroshcherbinovskaya,46.6311,38.6742,17.43,52,100,4.0,RU,1743066284
142,san carlos,9.6612,-68.5827,24.07,71,100,0.72,VE,1743066201
143,kirs,59.3388,52.2447,3.0,96,100,4.51,RU,1743066287
144,mount pearl,47.5166,-52.7813,0.74,96,100,7.72,CA,1743066288
145,yarmouth,41.7057,-70.2286,0.51,72,0,8.94,US,1743066289
146,isoka,-10.1606,32.6335,21.29,84,100,1.82,ZM,1743066290
147,uturoa,-16.7333,-151.4333,28.31,75,10,3.05,PF,1743066291
148,male,4.1748,73.5089,28.61,73,75,3.09,MV,1743066292
149,kavalerovo,44.2661,135.0572,1.65,99,100,1.18,RU,1743066294
150,bathsheba,13.2167,-59.5167,25.27,77,40,10.8,BB,1743066295
151,severo-yeniseyskiy,60.3725,93.0408,-5.61,93,100,4.34,RU,1743066296
152,hirara,24.8,125.2833,24.61,91,1,9.3,JP,1743066298
153,san mariano,7.5,126.0,28.24,85,62,1.69,PH,1743066300
154,kodiak,57.79,-152.4072,2.73,93,100,6.69,US,1743066302
155,raducaneni,46.95,27.9333,10.47,83,100,1.62,RO,1743066303
156,ribeira grande,38.5167,-28.7,12.97,72,40,3.6,PT,1743066306
157,lazaro cardenas,17.9583,-102.2,21.0,72,0,2.14,MX,1743066307
158,pago pago,-14.2781,-170.7025,27.55,83,40,0.51,AS,1743066308
159,bethel,41.3712,-73.414,-1.87,64,0,1.54,US,1743066309
160,kozyatyn,49.7143,28.8339,11.88,49,88,3.0,UA,1743066310
161,stanley,54.868,-1.6985,10.07,81,20,4.63,GB,1743066312
162,al burayqah,30.4062,19.5739,17.62,77,95,10.63,LY,1743066313
163,barra de santo antonio,-9.4047,-35.5072,26.31,85,100,2.59,BR,1743066314
164,nemuro,43.3236,145.575,-0.67,93,100,4.38,JP,1743066315
165,high springs,29.8269,-82.5968,12.86,80,20,2.14,US,1743066316
166,codrington,-38.2667,141.9667,16.2,85,0,4.89,AU,1743066317
167,noumea,-22.2763,166.4572,25.14,82,96,6.11,NC,1743066319
168,sittwe,20.15,92.9,28.25,68,94,7.35,MM,1743066320
169,mega,4.05,38.3,23.03,48,56,7.17,ET,1743066321
170,bignona,12.8103,-16.2264,25.91,24,91,4.38,SN,1743066322
171,aktau,43.65,51.2,9.36,66,100,3.16,KZ,1743066157
172,salekhard,66.53,66.6019,0.92,100,86,6.07,RU,1743066324
173,tallulah,32.4085,-91.1868,14.15,85,20,1.54,US,1743066326
174,ailuk,10.2197,169.9797,26.97,78,100,6.33,MH,1743066327
175,tynda,55.1667,124.7167,-10.79,72,100,4.09,RU,1743066328
176,lebu,-37.6167,-73.65,12.01,87,96,1.89,CL,1743066329
177,gallup,35.5281,-108.7426,6.16,45,0,1.54,US,1743066330
178,queenstown,-31.8976,26.8753,20.24,46,5,2.24,ZA,1743066038
179,crane,31.3974,-102.3501,16.29,77,100,7.43,US,1743066333
180,wynyard,-41.0,145.7167,16.35,84,5,2.24,AU,1743066335
181,tazacorte,28.629,-17.9293,17.43,65,40,3.6,ES,1743066336
182,rantepao,-2.9701,119.8978,24.62,93,100,0.69,ID,1743066337
183,tongchuanshi,35.0806,109.0897,8.7,24,100,3.63,CN,1743066339
184,margaret river,-33.95,115.0667,28.22,41,100,2.52,AU,1743066340
185,kingston,17.997,-76.7936,22.89,71,4,1.7,JM,1743066341
186,nsanje,-16.92,35.262,28.58,69,58,1.36,MW,1743066342
187,fale old settlement,-9.3852,-171.2468,28.58,77,23,3.81,TK,1743066343
188,suva,-18.1416,178.4415,26.3,85,75,2.06,FJ,1743066344
189,talnakh,69.4865,88.3972,-8.17,94,100,6.36,RU,1743066346
190,mahina,-17.5065,-149.489,25.87,78,0,2.06,PF,1743066347
191,tual,-5.6667,132.75,28.79,75,90,2.7,ID,1743066348
192,porto novo,6.4965,2.6036,31.04,61,99,3.23,BJ,1743066349
193,walvis bay,-22.9575,14.5053,20.54,67,2,3.53,,1743066350
194,ust'-ilimsk,58.0006,102.6619,-6.34,77,100,4.11,RU,1743066351
195,kotlas,61.2611,46.6556,1.52,98,100,2.59,RU,1743066353
196,whitehorse,60.7161,-135.0538,-7.77,98,93,0.51,CA,1743066354
197,port saint john's,-31.6229,29.5448,23.71,65,79,2.89,ZA,1743066355
198,zhangye,38.9342,100.4517,-1.06,24,61,8.55,CN,1743066356
199,mossel bay,-34.1831,22.146,19.11,71,44,4.27,ZA,1743066357
200,sidi khaled,34.387,4.9879,16.39,34,0,4.32,DZ,1743066360
201,acapulco de juarez,16.8634,-99.8901,22.31,67,0,0.0,MX,1743066361
202,san julian,21.0167,-102.1667,13.34,32,1,2.19,MX,1743066362
203,berriane,32.8265,3.7669,14.26,43,0,4.91,DZ,1743066363
204,port mathurin,-19.6833,63.4167,27.73,68,9,4.78,MU,1743066364
205,arak,34.0917,49.6892,14.26,21,0,4.12,IR,1743066367
206,naivasha,-0.7167,36.4359,23.95,42,50,0.88,KE,1743066368
207,aljezur,37.3191,-8.8033,12.11,74,37,3.56,PT,1743066369
208,ixtapa,20.7,-105.2,17.55,48,30,1.54,MX,1743066370
209,santa cruz,-17.8,-63.1667,20.91,99,75,3.6,BO,1743066371
210,novofedorivka,46.1713,32.3178,13.59,63,100,5.14,UA,1743066373
211,alotau,-10.3069,150.4462,26.84,83,72,2.57,PG,1743066374
212,petropavlovsk-kamchatsky,53.0452,158.6483,-0.46,98,100,4.43,RU,1743066375
213,salamanca,40.8333,-6.0,6.11,60,6,4.38,ES,1743066376
214,st. john's,47.5649,-52.7093,1.2,96,100,7.72,CA,1743066379
215,villa gesell,-37.2639,-56.973,19.47,87,88,6.11,AR,1743066380
216,panaba,21.2833,-88.2667,21.66,94,1,2.99,MX,1743066381
217,labrador city,52.9463,-66.9114,-19.85,99,40,0.47,CA,1743066382
218,isla mujeres,21.2311,-86.731,24.17,78,3,6.51,MX,1743066383
219,idaho falls,43.4666,-112.0341,7.21,69,0,3.6,US,1743066386
220,new glasgow,45.5834,-62.6486,0.49,100,100,2.27,CA,1743066387
221,kenora,49.8167,-94.4337,-4.53,75,85,4.47,CA,1743066388
222,zhalantun,48.0,122.7167,-0.81,29,100,5.94,CN,1743066390
223,tindouf,27.6711,-8.1474,19.86,19,0,6.78,DZ,1743066391
224,progreso,21.2833,-89.6667,22.08,89,0,4.82,MX,1743066392
225,igarka,67.4667,86.5833,-3.27,96,100,7.97,RU,1743066393
226,ust-nera,64.5667,143.2,-11.84,98,100,1.27,RU,1743066394
227,masindi,1.6744,31.715,26.99,54,100,1.19,UG,1743066396
228,amasra,41.7463,32.3863,17.79,58,100,2.74,TR,1743066397
229,sitka,57.0531,-135.33,5.94,61,0,1.54,US,1743066398
230,sambava,-14.2667,50.1667,29.51,69,23,6.1,MG,1743066399
231,alaghsas,17.0187,8.0168,33.56,5,74,3.36,NE,1743066400
232,angaur state,6.906,134.13,29.09,76,100,5.67,PW,1743066401
233,molochnoye,59.2917,39.6787,3.19,96,100,2.83,RU,1743066403
234,isangel,-19.55,169.2667,25.62,88,20,3.6,VU,1743066404
235,sao jose da coroa grande,-8.8978,-35.1478,26.12,85,100,2.76,BR,1743066405
236,howard springs,-12.497,131.047,26.37,98,100,2.38,AU,1743066406
237,baidoa,3.1138,43.6498,31.92,42,40,6.39,SO,1743066407
238,vadso,70.0744,29.7487,-1.36,88,100,1.03,NO,1743066408
239,belmonte,-15.8631,-38.8828,25.76,77,40,1.28,BR,1743066410
240,pokhvistnevo,53.6524,52.1274,6.65,71,80,3.28,RU,1743066411
241,la ferte-mace,48.59,-0.358,8.18,82,6,2.73,FR,1743066412
242,dhidhdhoo,6.8833,73.1,28.82,69,75,5.61,MV,1743066413
243,chota,-6.55,-78.65,12.97,98,100,0.66,PE,1743066414
244,vorgashor,67.5833,63.95,-1.06,90,100,4.67,RU,1743066415
245,susuman,62.7833,148.1667,-17.24,93,88,1.16,RU,1743066417
246,bardai,11.65,7.2333,31.32,34,100,5.33,NG,1743066418
247,nueva gerona,21.8833,-82.8,24.2,71,0,6.42,CU,1743066419
248,lodeynoye pole,60.726,33.5531,3.92,85,41,2.18,RU,1743066420
249,tosontsengel,48.7567,98.2839,-13.75,62,100,5.8,MN,1743066421
250,tebessa,35.4042,8.1242,9.26,58,26,10.17,DZ,1743066424
251,jinchang,38.4953,102.1739,-1.32,25,89,10.35,CN,1743066425
252,san martin,-33.081,-68.4681,14.43,78,86,1.69,AR,1743066426
253,mar del plata,-38.0023,-57.5575,17.34,92,95,0.89,AR,1743066427
254,khandyga,62.6667,135.6,-12.61,96,100,1.39,RU,1743066429
255,haiku-pauwela,20.9219,-156.3051,21.25,83,35,1.79,US,1743066430
256,dogansehir,38.0919,37.8789,15.64,34,100,1.32,TR,1743066431
257,sao felix do xingu,-6.6447,-51.995,21.8,99,100,0.62,BR,1743066432
258,padang,-0.9492,100.3543,28.69,72,74,2.94,ID,1743066433
259,paradip garh,20.3167,86.6167,34.49,35,6,5.86,IN,1743066437
260,mount isa,-20.7333,139.5,31.15,47,100,2.57,AU,1743066438
261,lienz,46.8289,12.769,9.08,68,67,3.03,AT,1743066439
262,batang,-6.4846,110.7083,28.28,81,100,3.88,ID,1743066441
263,klaksvik,62.2266,-6.589,6.66,79,77,10.28,FO,1743066442
264,champion heights,41.29,-80.8459,-1.6,75,75,2.57,US,1743066443
265,tsagan aman,47.5639,46.7218,8.72,64,99,4.93,RU,1743066444
266,novyy oskol,50.7631,37.8691,11.95,52,8,2.42,RU,1743066445
267,northam,51.0333,-4.2167,10.06,93,98,2.28,GB,1743066446
268,juneau,58.3019,-134.4197,5.06,100,42,4.07,US,1743065948
269,treasure island,27.7692,-82.769,17.36,83,99,3.43,US,1743066449
270,gebeit,21.0667,36.3167,30.39,33,19,8.32,SD,1743066450
271,delijan,33.9905,50.6838,14.3,19,1,0.38,IR,1743066451
272,trujillo,-8.116,-79.03,19.98,88,100,2.57,PE,1743066452
273,tazovsky,67.4667,78.7,0.4,99,100,5.18,RU,1743066453
274,gowurdak,37.8124,66.0466,10.38,51,100,4.49,TM,1743066455
275,uvalde,29.3669,-99.767,16.36,92,100,3.6,US,1743066456
276,zyryanskoye,56.8306,86.6258,-0.07,88,100,5.21,RU,1743066458
277,minot,48.2325,-101.2963,1.78,81,100,3.09,US,1743066459
278,steinkjer,64.193,11.3851,5.69,86,100,6.48,NO,1743066461
279,ponta delgada,37.7333,-25.6667,13.35,71,40,4.12,PT,1743066462
280,hengchun,22.0042,120.7439,28.47,70,29,5.35,TW,1743066463
281,saint-pierre,-21.3393,55.4781,30.66,66,0,8.23,RE,1743066465
282,tofol,5.3248,163.0078,27.36,81,55,6.63,FM,1743066467
283,aur,8.1499,171.1687,27.47,73,98,6.42,MH,1743066468
284,callao,-12.0667,-77.15,23.73,88,0,1.54,PE,1743066469
285,guiuan,11.0333,125.7247,27.87,76,100,3.17,PH,1743066470
286,natal,-5.795,-35.2094,24.93,97,40,2.06,BR,1743066472
287,kapshagay,43.8833,77.0833,7.92,41,100,1.89,KZ,1743066473
288,zouerate,22.7187,-12.4521,17.66,44,0,2.98,MR,1743066474
289,puerto lempira,15.2667,-83.7667,24.11,85,43,3.13,HN,1743066475
290,antsiranana,-12.2787,49.2917,29.33,73,95,7.21,MG,1743066476
291,beaudesert,-27.9833,152.9833,20.74,92,100,2.15,AU,1743066477
292,teluknaga,-6.0989,106.6381,31.62,79,20,3.09,ID,1743066479
293,luanda,-8.8368,13.2343,31.0,62,75,2.06,AO,1743066480
294,tataouine,32.9297,10.4518,16.05,38,3,5.33,TN,1743066481
295,san andres del rabanedo,42.6117,-5.6167,7.08,84,75,0.51,ES,1743066482
296,hamada,34.8833,132.0833,17.64,92,100,3.42,JP,1743066483
297,floro,61.5996,5.0328,7.74,86,75,9.26,NO,1743066485
298,oranjemund,-28.55,16.4333,19.4,73,7,4.16,,1743066486
299,mubi,10.2676,13.2644,35.38,9,70,2.66,NG,1743066487
300,north bend,43.4065,-124.2243,9.79,83,74,9.43,US,1743066304
301,lata,40.1629,-8.3327,9.88,84,19,0.99,PT,1743066490
302,hasaki,35.7333,140.8333,17.52,90,48,11.28,JP,1743066491
303,pedernales,18.0384,-71.744,25.26,61,22,1.03,DO,1743066492
304,sompeta,18.9333,84.6,33.12,48,9,5.51,IN,1743066493
305,okahandja,-21.9833,16.9167,27.41,39,90,4.47,,1743066494
306,kerikeri,-35.2268,173.9474,14.45,90,100,2.37,NZ,1743066495
307,dudinka,69.4058,86.1778,-5.9,94,100,9.35,RU,1743066497
308,kolonia,50.9333,6.95,9.7,63,0,2.06,DE,1743066498
309,yigo village,13.5361,144.8886,26.13,72,40,6.17,GU,1743066499
310,inongo,-1.95,18.2667,26.07,78,100,2.27,CD,1743066500
311,glenfield park,-35.1372,147.334,24.02,37,76,0.45,AU,1743066501
312,heihe,50.2441,127.4902,-4.27,67,78,5.24,CN,1743066503
313,okhotsk,59.3833,143.3,-5.01,92,100,5.87,RU,1743066504
314,amla,21.9333,78.1167,35.91,10,3,3.8,IN,1743066505
315,lukolela,-1.0605,17.1821,30.4,57,93,2.32,CD,1743066506
316,kapa'a,22.0752,-159.319,21.18,83,20,2.57,US,1743066507
317,iskateley,67.6803,53.1512,-3.36,85,80,6.38,RU,1743066508
318,suntar,62.1444,117.6319,-12.5,81,100,2.18,RU,1743066510
319,mogocha,53.7333,119.7667,-8.26,52,100,2.83,RU,1743066511
320,nouadhibou,20.931,-17.0347,15.55,87,0,8.75,MR,1743066512
321,nuuk,64.1835,-51.7216,-4.66,74,75,2.06,GL,1743066515
322,westport,41.1415,-73.3579,0.01,60,0,2.06,US,1743066516
323,taulaga,-11.0553,-171.0883,28.74,75,2,4.71,AS,1743066517
324,makoua,0.0069,15.6333,31.52,53,91,2.6,CG,1743066518
325,kailua-kona,19.6406,-155.9956,23.09,75,0,2.57,US,1743066519
326,sinabang,2.4803,96.3801,28.23,80,64,2.92,ID,1743066520
327,altay,47.8667,88.1167,-5.89,70,2,1.02,CN,1743066522
328,pryor creek,36.3084,-95.3169,14.94,80,75,3.6,US,1743066523
329,pisco,-13.7,-76.2167,20.84,84,84,0.51,PE,1743066524
330,petawawa,45.9001,-77.3328,-7.91,95,81,1.1,CA,1743066525
331,kostanay,53.1667,63.5833,8.16,39,0,5.0,KZ,1743066528
332,thompson,55.7435,-97.8558,-29.04,100,86,1.41,CA,1743066529
333,puerto san jose,13.9256,-90.8244,26.56,84,100,1.32,GT,1743066530
334,khalis,33.82,44.5264,27.41,23,45,2.73,IQ,1743066531
335,mozarlandia,-14.7447,-50.5706,22.47,93,95,0.2,BR,1743066532
336,luganville,-15.5333,167.1667,26.75,81,99,1.71,VU,1743066533
337,revda,56.801,59.9303,7.2,55,64,3.6,RU,1743066535
338,soio,-6.1349,12.3689,29.3,70,90,2.98,AO,1743066536
339,novodvinsk,64.4165,40.8122,3.01,90,19,3.12,RU,1743066537
340,bairnsdale,-37.8333,147.6167,17.57,88,4,1.34,AU,1743066538
341,kirensk,57.7853,108.1119,-9.44,82,100,3.73,RU,1743066539
342,kangar,6.4414,100.1986,32.55,77,29,5.26,MY,1743066541
343,coruripe,-10.1256,-36.1756,24.55,82,13,2.19,BR,1743066542
344,kandra,22.85,86.05,39.62,7,0,5.48,IN,1743066543
345,sola,-13.8833,167.55,28.7,72,49,5.94,VU,1743066544
346,port macquarie,-31.4333,152.9167,21.99,75,100,0.89,AU,1743066545
347,paita,-5.0892,-81.1144,23.39,86,100,2.95,PE,1743066547
348,vilyuysk,63.7553,121.6247,-13.58,88,100,2.11,RU,1743066548
349,sechelt,49.4664,-123.7694,10.2,96,100,3.46,CA,1743066550
350,vila velha,-20.3297,-40.2925,25.07,90,20,1.54,BR,1743066551
351,cabo san lucas,22.8909,-109.9124,17.92,74,0,6.74,MX,1743066352
352,serhetabat,35.2799,62.3438,9.54,52,95,1.62,TM,1743066554
353,yanggu,36.1106,115.7753,14.07,13,100,4.09,CN,1743066555
354,ubinskoye,55.3068,79.6802,0.33,99,60,4.07,RU,1743066556
355,pustoshka,56.3355,29.369,3.87,89,100,2.54,RU,1743066557
356,pasuquin,18.3328,120.6177,28.16,78,91,3.39,PH,1743066558
357,tamiahua,21.2667,-97.45,22.71,96,5,2.47,MX,1743066560
358,woodlake,37.4211,-77.6793,2.42,69,0,0.0,US,1743066561
359,san antonio de pale,-1.4014,5.6325,27.27,81,100,5.03,GQ,1743066562
360,aoulef,26.9667,1.0833,20.28,19,0,7.86,DZ,1743066563
361,kupang,-10.1667,123.5833,27.34,85,75,5.14,ID,1743066564
362,sarina,-21.4333,149.2167,23.8,95,100,3.05,AU,1743066565
363,huilong,31.8111,121.655,14.16,70,12,10.0,CN,1743066567
364,eastham,41.8301,-69.9739,1.66,70,66,4.02,US,1743066569
365,bodo,67.28,14.405,5.75,86,75,16.46,NO,1743066570
366,buta,2.7858,24.73,34.59,36,75,1.87,CD,1743066571
367,tanabe,33.7333,135.3667,20.58,84,100,4.89,JP,1743066506
368,vila franca do campo,37.7167,-25.4333,12.94,76,86,4.47,PT,1743066574
369,yelizovo,53.1873,158.3805,0.81,98,100,3.34,RU,1743066575
370,carloforte,39.145,8.3058,14.44,76,10,9.67,IT,1743066576
371,fort polk south,31.0511,-93.2158,17.32,92,20,0.0,US,1743066577
372,songea,-10.6833,35.65,24.0,71,90,2.36,TZ,1743066578
373,praia da vitoria,38.7333,-27.0667,12.37,74,26,5.77,PT,1743066580
374,khor,47.8861,134.9464,-1.05,96,100,6.5,RU,1743066581
375,lorengau,-2.0226,147.2712,24.92,92,100,2.0,PG,1743066582
376,awjilah,29.1081,21.2869,23.33,44,3,8.79,LY,1743066583
377,'ain el hadjar,34.7585,0.1453,10.75,53,0,4.31,DZ,1743066584
378,douentza,14.9951,-2.9517,31.39,10,53,3.43,ML,1743066586
379,tsiroanomandidy,-18.7667,46.0333,28.55,56,26,1.62,MG,1743066587
380,manaure,11.7751,-72.4445,25.13,81,98,4.66,CO,1743066588
381,saudarkrokur,65.7461,-19.6394,-1.34,81,100,2.52,IS,1743066589
382,zheleznogorsk,52.331,35.3711,9.81,61,45,3.54,RU,1743066590
383,pacasmayo,-7.4006,-79.5714,22.25,81,99,1.18,PE,1743066591
384,junin de los andes,-39.9504,-71.0694,7.32,91,79,3.16,AR,1743066593
385,broken hill,-31.95,141.4333,20.18,71,97,5.91,AU,1743066594
386,torghay,49.6339,63.4981,7.27,29,100,7.35,KZ,1743066595
387,vorkuta,67.5,64.0,-0.43,92,100,4.4,RU,1743066596
388,sonoita,31.85,-112.8333,18.58,37,0,3.0,MX,1743066597
389,glubokoye,50.1456,82.3114,0.61,52,5,4.0,KZ,1743066598
390,astorga,-23.2325,-51.6656,20.31,80,5,5.31,BR,1743066600
391,jaru,-10.4389,-62.4664,22.23,97,100,0.73,BR,1743066601
392,alesund,62.4723,6.1549,6.43,75,75,10.29,NO,1743066602
393,malabo,3.75,8.7833,28.34,77,92,2.3,GQ,1743066603
394,keflavik,64.0049,-22.5624,4.6,90,100,2.06,IS,1743066604
395,amos,48.5669,-78.1162,-9.45,94,73,2.58,CA,1743066605
396,takum,7.2667,9.9833,32.18,50,100,1.4,NG,1743066607
397,naifaru,5.4444,73.3657,28.48,74,50,4.35,MV,1743066608
398,salinopolis,-0.6136,-47.3561,25.19,89,100,3.1,BR,1743066609
399,geraldton,-28.7667,114.6,31.2,42,80,7.72,AU,1743066610
400,villablino,42.9393,-6.3194,6.3,77,1,0.6,ES,1743066611
401,katsuren-haebaru,26.3369,127.8719,23.7,91,20,7.72,JP,1743066613
402,forster,-32.1667,152.5167,22.17,72,100,4.44,AU,1743066614
403,kamen'-na-obi,53.7884,81.3423,-0.25,78,14,3.98,RU,1743066615
404,lerwick,60.1545,-1.1494,7.93,83,100,9.63,GB,1743066616
405,madang,-5.2246,145.7966,25.92,88,100,1.26,PG,1743066617
406,happy valley-goose bay,53.3168,-60.3315,-18.85,99,73,1.14,CA,1743066618
407,zagora,30.3484,-5.8365,17.25,19,1,1.7,MA,1743066620
408,sumenep,-7.0167,113.8667,28.88,80,100,4.51,ID,1743066621
409,mamuju,-2.6748,118.8885,28.96,78,94,1.29,ID,1743066622
410,el fasher,13.6279,25.3494,33.55,8,10,3.03,SD,1743066623
411,pangkalanbuun,-2.6833,111.6167,31.65,61,51,3.67,ID,1743066624
412,port augusta,-32.5,137.7667,26.13,47,100,3.83,AU,1743066625
413,sidi ifni,29.3797,-10.173,21.11,38,37,2.09,MA,1743066627
414,umm kaddadah,13.6017,26.6876,34.89,9,25,4.6,SD,1743066628
415,aurillac,44.9167,2.45,7.21,75,75,1.54,FR,1743066629
416,newman,37.3138,-121.0208,11.75,83,100,1.79,US,1743066630
417,pandan,14.0453,124.1694,28.2,75,81,4.73,PH,1743066631
418,hanceville,34.0607,-86.7675,9.11,79,100,1.17,US,1743066632
419,murzuq,25.9155,13.9184,20.58,49,44,8.56,LY,1743066634
420,beaufort-en-vallee,47.4397,-0.2189,9.54,80,0,3.6,FR,1743066635
421,urangan,-25.3,152.9,23.78,87,100,7.58,AU,1743066636
422,popondetta,-8.7537,148.2534,23.89,97,67,0.92,PG,1743066637
423,fisterra,42.9049,-9.2629,10.35,76,89,1.09,ES,1743066638
424,salinas de hidalgo,22.6333,-101.7167,13.49,82,95,2.06,MX,1743066640
425,hobyo,5.3505,48.5268,30.61,57,10,8.67,SO,1743066641
426,namibe,-15.1961,12.1522,24.6,76,55,2.13,AO,1743066642
427,cameron,26.117,-97.5169,21.65,87,100,7.2,US,1743066643
428,i-n-salah,27.1935,2.4607,20.17,21,0,7.84,DZ,1743066644
429,mbulu,-3.85,35.5333,23.45,56,43,4.22,TZ,1743066645
430,kalix,65.853,23.1565,2.2,96,100,6.79,SE,1743066647
431,tshikapa,-6.4167,20.8,24.07,87,100,0.37,CD,1743066648
432,mandiana,10.6333,-8.6833,30.76,46,100,1.7,GN,1743066649
433,norilsk,69.3535,88.2027,-7.72,91,100,4.9,RU,1743066650
434,salalah,17.0151,54.0924,31.91,14,64,5.51,OM,1743066651
435,touros,-5.1989,-35.4608,24.97,93,96,3.32,BR,1743066652
436,sao joao da barra,-21.6403,-41.0511,23.42,88,100,3.0,BR,1743066654
437,cobija,-11.0267,-68.7692,22.35,99,100,1.09,BO,1743066655
438,remire-montjoly,4.9167,-52.2667,25.34,84,75,6.69,GF,1743066656
439,fushun,41.8558,123.9233,6.49,27,100,6.66,CN,1743066657
440,muromtsevo,56.3724,75.2418,3.98,88,69,3.36,RU,1743066658
441,nuku'alofa,-21.1333,-175.2,26.19,94,75,0.51,TO,1743066660
442,hadibu,12.65,54.0333,28.59,42,3,4.95,YE,1743066661
443,barrouallie,13.2333,-61.2667,23.45,77,99,7.47,VC,1743066662
444,ajuchitlan del progreso,18.1519,-100.4835,24.92,42,0,0.88,MX,1743066663
445,acarau,-2.8856,-40.12,24.36,90,48,3.96,BR,1743066664
446,port isabel,26.0734,-97.2086,21.98,87,100,7.2,US,1743066665
447,laojunmiao,39.8333,97.7333,-5.61,37,63,4.09,CN,1743066667
448,coahuayana de hidalgo,18.7,-103.6583,19.84,43,0,1.83,MX,1743066668
449,mgandu,-5.95,34.1333,23.42,68,99,2.76,TZ,1743066669
450,phek,25.6667,94.5,29.13,20,1,1.97,IN,1743066670
451,guanica,17.9716,-66.908,20.94,88,36,1.96,PR,1743066671
452,saldanha,-33.0117,17.9442,20.94,60,0,3.68,ZA,1743066672
453,port douglas,-16.4833,145.4667,26.88,87,100,1.35,AU,1743066674
454,sibi,29.5448,67.8764,28.5,4,0,9.23,PK,1743066675
455,santa terezinha,-29.9002,-50.0904,22.19,88,6,6.55,BR,1743066676
456,la gi,10.6667,107.7833,29.17,62,35,4.62,VN,1743066677
457,pitiquito,30.7,-112.0833,20.39,28,0,2.54,MX,1743066680
458,guymon,36.6828,-101.4816,13.87,42,0,7.2,US,1743066681
459,galle,6.0367,80.217,28.84,72,75,5.21,LK,1743066417
460,fort st. john,56.2499,-120.8529,-3.06,86,100,6.69,CA,1743066683
461,shatrovo,56.5167,64.6333,5.83,72,26,3.56,RU,1743066684
462,aistala,23.18,88.58,38.77,8,0,4.82,IN,1743066685
463,paracuru,-3.41,-39.0306,24.38,90,11,2.57,BR,1743066687
464,castelnaudary,43.3183,1.9545,12.17,83,99,0.89,FR,1743066688
465,nagqu,31.5,92.0,10.79,6,22,11.98,CN,1743066689
466,taltal,-25.4,-70.4833,17.97,84,73,0.86,CL,1743066690
467,auvelais,50.447,4.6355,8.78,74,0,1.03,BE,1743066691
468,san felipe,10.3399,-68.7425,22.38,84,100,1.89,VE,1743066692
469,peterhead,57.5058,-1.7981,10.94,85,100,3.14,GB,1743066694
470,veraval,20.9,70.3667,27.89,62,45,8.71,IN,1743066695
471,meadow lake,34.8014,-106.5436,12.22,37,100,3.89,US,1743066696
472,baijiantan,45.6333,85.1833,5.66,18,0,6.15,CN,1743066697
473,tete,-16.1564,33.5867,28.73,61,42,2.72,MZ,1743066698
474,prado,-17.3411,-39.2208,23.54,92,58,1.76,BR,1743066699
475,nelson bay,-32.7167,152.15,22.59,81,100,2.24,AU,1743066701
476,reggane,26.7158,0.1714,20.85,19,0,7.08,DZ,1743066702
477,sorong,-0.8833,131.25,29.13,75,100,3.12,ID,1743066703
478,hadithah,34.1397,42.3781,24.76,32,62,0.39,IQ,1743066704
479,son la,21.3167,103.9,35.57,12,8,3.3,VN,1743066705
480,barre,44.197,-72.5021,-3.17,88,100,1.54,US,1743066707
481,mariehamn,60.0973,19.9348,7.27,81,0,9.77,AX,1743066708
482,yetkul',54.8221,61.588,8.98,39,42,4.78,RU,1743066652
483,kayangel,8.0823,134.7173,28.79,76,100,6.9,PW,1743066710
484,pesqueira,-8.3578,-36.6964,19.14,88,55,2.09,BR,1743066711
485,george town,5.4112,100.3354,32.11,69,20,2.68,MY,1743066712
486,ar rass,25.8694,43.4973,26.16,13,0,2.11,SA,1743066714
487,kavieng,-2.5744,150.7967,28.24,75,100,5.01,PG,1743066715
488,puntarenas,9.9763,-84.8384,26.5,63,100,1.8,CR,1743066716
489,bamako,12.65,-8.0,30.23,16,0,3.09,ML,1743066717
490,puerto deseado,-47.7503,-65.8938,13.79,76,100,11.47,AR,1743066718
491,shirgaon,19.7,72.7,28.27,55,2,5.51,IN,1743066719
492,bikenibeu village,1.3673,173.1241,27.04,86,32,4.92,KI,1743066721
493,rokiskis,55.9667,25.5833,6.46,64,63,2.34,LT,1743066722
494,biloela,-24.4167,150.5,22.54,86,100,4.89,AU,1743066723
495,turpan,42.9333,89.1667,9.65,8,0,0.73,CN,1743066724
496,lerma,42.0261,-3.7598,6.48,83,8,3.43,ES,1743066727
497,biryusinsk,55.9634,97.8235,-2.39,50,100,5.14,RU,1743066728
498,grosseto,42.8333,11.25,12.98,72,100,7.45,IT,1743066729
499,kuraymah,18.55,31.85,34.3,19,0,5.66,SD,1743066730
500,cam pha mines,21.0167,107.3,23.38,84,85,2.46,VN,1743066731
501,portland,45.5234,-122.6762,10.34,92,100,2.68,US,1743066049
502,al qusiyah,27.4402,30.8184,34.74,7,55,5.82,EG,1743066734
503,sault ste. marie,46.5168,-84.3333,-6.82,98,100,2.06,CA,1743066735
504,at-bashi,41.1702,75.8106,5.34,41,100,5.63,KG,1743066736
505,plettenberg bay,-34.0527,23.3716,19.75,66,97,3.77,ZA,1743066737
506,okha,53.5739,142.9478,-10.41,89,100,1.83,RU,1743066738
507,morbegno,46.1383,9.57,10.33,54,37,1.64,IT,1743066739
508,papao,-17.75,-149.55,25.82,70,76,1.25,PF,1743066741
509,krasnyy chikoy,50.3643,108.7512,-8.45,54,100,7.77,RU,1743066742
510,kotma,23.2,81.9667,38.38,7,0,7.29,IN,1743066743
511,piacabucu,-10.4056,-36.4344,24.71,79,17,1.91,BR,1743066744
512,tahoua,14.8888,5.2692,34.74,8,100,4.07,NE,1743066745
513,labis,2.385,103.021,30.04,76,48,1.4,MY,1743066747
514,ghat,24.9647,10.1728,18.18,45,0,7.45,LY,1743066748
515,byala slatina,43.4667,23.9333,14.58,83,100,2.25,BG,1743066749
516,nganjuk,-7.6051,111.9035,30.01,82,90,3.55,ID,1743066750
517,kindia,10.0569,-12.8658,26.73,52,60,0.78,GN,1743066751
518,rikaze,29.25,88.8833,18.77,5,0,4.87,CN,1743066752
519,prince rupert,54.3161,-130.3201,6.57,78,35,3.68,CA,1743066754
520,sierra vista,31.5545,-110.3037,14.3,27,0,4.63,US,1743066755
521,nadi,-17.8,177.4167,25.47,92,40,3.6,FJ,1743066756
522,talakan,50.3167,130.3667,-5.37,76,98,5.16,RU,1743066757
523,crucecita,-28.95,-58.9833,21.87,96,74,1.0,AR,1743066758
524,tralee,52.2704,-9.7026,11.84,95,20,6.17,IE,1743066759
525,iskushuban,10.2837,50.23,32.83,30,16,7.22,SO,1743066761
526,cide,41.8921,33.0044,20.08,54,93,1.85,TR,1743066762
527,robore,-18.3333,-59.75,21.85,96,100,1.38,BO,1743066763
528,shalqar,47.8333,59.6,6.02,37,99,6.14,KZ,1743066764
529,beeville,28.4008,-97.7483,18.61,94,100,6.17,US,1743066765
530,pitimbu,-7.4706,-34.8086,25.29,89,100,2.95,BR,1743066767
531,gadzhiyevo,69.2551,33.3362,1.09,93,100,9.24,RU,1743066769
532,broome,42.2506,-75.833,-5.5,89,0,4.12,US,1743066770
533,korla,41.7597,86.1469,5.62,19,52,8.54,CN,1743066771
534,rio grande,-32.035,-52.0986,22.75,83,100,6.19,BR,1743066773
535,les cayes,18.2,-73.75,23.26,79,16,2.1,HT,1743066774
536,kulachi,31.9286,70.4592,27.86,6,0,11.99,PK,1743066775
537,mccook,40.2019,-100.6257,11.72,74,0,6.69,US,1743066776
538,arno,60.1167,18.6333,6.86,73,99,7.03,SE,1743066777
539,karapinar,37.716,33.5506,20.25,33,25,1.87,TR,1743066778
540,itamarandiba,-17.8572,-42.8589,18.6,99,100,1.2,BR,1743066779
541,hailey,43.5196,-114.3153,4.83,70,0,4.12,US,1743066781
542,kargat,55.1956,80.2811,0.32,99,53,4.41,RU,1743066782
543,canutama,-6.5339,-64.3831,22.73,99,100,1.43,BR,1743066783
544,gobabis,-22.45,18.9667,27.43,38,18,4.1,,1743066784
545,malango,-2.9627,119.9001,24.62,93,100,0.69,ID,1743066785
546,coquimbo,-29.9533,-71.3436,16.06,87,100,3.09,CL,1743066787
547,dalandzadgad,43.5708,104.425,-5.09,18,91,9.45,MN,1743066788
548,lesogorsk,56.0458,99.5136,-2.87,50,100,4.87,RU,1743066789
549,tromso,69.6496,18.957,-0.52,93,100,1.54,NO,1743066790
550,bereznik,62.8551,42.7072,1.69,96,98,2.0,RU,1743066792
551,wenling,28.3669,121.36,19.61,77,43,2.73,CN,1743066793
552,tara,56.8944,74.371,4.65,87,85,3.38,RU,1743066794
553,ialibu,-6.2821,143.9935,15.23,99,100,1.32,PG,1743066796
554,kimbe,-5.5502,150.1429,24.67,97,100,1.3,PG,1743066798
555,coos bay,43.3665,-124.2179,9.46,83,74,8.35,US,1743066799
556,tirmiz,37.2242,67.2783,11.66,49,75,8.23,UZ,1743066800
557,jiazi,22.8779,116.067,26.07,72,26,6.91,CN,1743066801
558,lasem,-6.6922,111.4527,28.21,83,100,4.77,ID,1743066802
559,jerantut,3.936,102.3626,29.54,81,41,0.75,MY,1743066803
560,homer,59.6425,-151.5483,4.47,81,100,0.0,US,1743066805
561,ciudad lazaro cardenas,17.9583,-102.2,21.0,72,0,2.14,MX,1743066806
562,yeraliyev,43.2,51.65,10.08,62,100,4.02,KZ,1743066807
563,parry sound,45.3501,-80.033,-5.95,96,19,0.95,CA,1743066808
564,rongelap,11.1635,166.8941,26.81,75,44,5.85,MH,1743066809
565,dwarka,22.2394,68.9678,27.4,45,26,6.88,IN,1743066810
566,aldan,58.6031,125.3894,-13.08,88,100,2.2,RU,1743066812
567,port said,31.2565,32.2841,21.02,65,15,2.96,EG,1743066813
568,carnot,4.9409,15.8665,35.1,34,9,2.34,CF,1743066814
569,markha,62.1053,129.7269,-11.02,48,0,5.0,RU,1743066815
570,balqash,46.8481,74.995,7.54,29,0,13.0,KZ,1743066816
571,imperatriz,-5.5264,-47.4917,24.96,99,35,1.21,BR,1743066817
572,mahayag,8.1183,123.4455,27.64,89,92,1.48,PH,1743066819
573,palikir - national government center,6.9248,158.1611,27.74,83,100,4.12,FM,1743066820
574,coronel dorrego,-38.7187,-61.2873,14.85,90,18,7.51,AR,1743066821
575,sao vicente,-23.9631,-46.3919,24.82,90,16,0.4,BR,1743066822
576,xai-xai,-25.0519,33.6442,29.4,54,13,2.5,MZ,1743066823
577,santa maria da vitoria,-13.3947,-44.1886,20.03,97,98,0.97,BR,1743066825
578,baringo,0.4667,35.9667,30.45,35,90,2.17,KE,1743066826
579,madison,34.7334,-86.5667,9.38,65,51,0.89,US,1743066827
580,borogontsy,62.6683,131.1683,-13.03,89,100,2.78,RU,1743066828
581,tot'ma,59.9747,42.7642,1.8,99,100,2.36,RU,1743066829
582,luwuk,-0.9516,122.7875,26.69,88,84,0.9,ID,1743066830
583,sumbawa besar,-8.5,117.4333,26.94,96,100,0.97,ID,1743066832
